id, Name, Project_id, class, score
1, Юшутина Марина Кирилловна, 24582, 6ц, None
2, Инбаев Руслан Тимофеевич, 24916, 9в, 3
3, Болочева Алиса Олеговна, 52638, 8ч, 5
4, Кувчинская Елизавета Кирилловна, 2498, 3и, 5
5, Донсков Герасим Тимофеевич, 87395, 7з, 4
6, Табеев Александр Павлович, 81720, 7ц, 3
7, Скитин Яков Адамович, 86307, 7б, 4
8, Шулегина Зинаида Дмитриевна, 52020, 2и, 2
9, Савражский Леонид Максимович, 61766, 7н, 5
10, Кугинская Анна Аркадьевна, 41505, 4т, 3
11, Асенина Людмила Петровна, 99826, 3э, 2
12, Добровин Иван Иванович, 62736, 5я, 2
13, Космачев Денис Борисович, 43563, 9и, 2
14, Ельганинов Дмитрий Евгеньевич, 67729, 7а, 2
15, Пониматкин Михаил Василиевич, 39095, 11л, 5
16, Курчатова Вера Викторовна, 80897, 3д, None
17, Камандаков Степан Юриевич, 7162, 3з, 4
18, Дуанова Дарья Николаевна, 20182, 4б, 5
19, Горбунков Василий Олегович, 85931, 1г, 3
20, Ханавский Иван Яковлевич, 63524, 9я, None
21, Свирисов Тарас Тимофеевич, 47697, 1я, None
22, Рохимова Елена Борисовна, 49334, 10я, 2
23, Карнюхин Вадим Валериевич, 27311, 11у, 4
24, Валлиулин Никита Георгиевич, 10467, 3о, 4
25, Прокуратов Константин Петрович, 55749, 6ч, 2
26, Селенкова Лиза Евгеньевна, 1083, 6р, None
27, Пугашова Жанна Максимовна, 69913, 3и, 4
28, Соловцов Василий Андреевич, 78626, 3й, 5
29, Разувякина Мария Вадимовна, 58600, 2ф, 2
30, Бакова Елизавета Андреевна, 98864, 5п, 5
31, Вассанова Катерина Андреевна, 24354, 9ч, 4
32, Чупарина Маргарита Андреевна, 5379, 3ю, None
33, Подкапаев Альберт Юрьевич, 24410, 4ц, 5
34, Демонов Борис Юрьевич, 26500, 3г, 3
35, Шутихин Валентин Игоревич, 61502, 5ф, None
36, Ватильев Юрий Павлович, 74388, 2г, 5
37, Войдилов Федор Андреевич, 18141, 5и, 4
38, Прядухин Георгий Иванович, 58121, 11п, 2
39, Нечадов Денис Антонович, 65402, 8о, 2
40, Баловинова Светлана Егоровна, 73754, 10ф, 5
41, Колюшев Пётр Романович, 93528, 7у, None
42, Пудин Денис Кириллович, 70483, 11р, 5
43, Лидскина Зинаида Кирилловна, 50057, 10р, 3
44, Флиднева Инна Игоревна, 91978, 8ж, 4
45, Юдапов Илья Иванович, 98388, 6я, 2
46, Горотанова Любовь Николаевна, 714, 7а, 5
47, Шеварина София Яковлевна, 45743, 7с, 5
48, Милионтов Эдуард Евгеньевич, 69994, 10т, 5
49, Сурыгина Алиса Яковлевна, 15964, 2й, 3
50, Драненкова Вера Дмитриевна, 7095, 11г, None
51, Гупалов Антон Алексеевич, 2713, 7п, 2
52, Алюшева Вероника Вадимовна, 2683, 11г, 2
53, Пичина Марина Дмитриевна, 22749, 9ю, 3
54, Чижеликов Аркадий Олегович, 55878, 5в, 4
55, Курушнина Анна Кирилловна, 69823, 5а, None
56, Несакова София Эдуардовна, 43622, 9м, 3
57, Насупкин Роман Кириллович, 89492, 7ж, 3
58, Мрякин Илья Сергеевич, 13283, 11л, 5
59, Лялихин Артём Сергеевич, 16582, 4я, 3
60, Харкин Валентин Яковлевич, 98488, 1э, None
61, Эйдумова Ирина Борисовна, 22840, 10р, 5
62, Духарева Кира Эдуардовна, 56930, 2б, 4
63, Сьефанцева Клара Евгеньевна, 89627, 8г, None
64, Носовицкая Ирина Евгеньевна, 92076, 11ц, None
65, Креснова Светлана Леонидовна, 71520, 4ч, 5
66, Софьина Лариса Романовна, 25309, 9э, 4
67, Везломцева Анастасия Николаевна, 23309, 9н, 4
68, Тхазеплов Кирилл Фёдорович, 73174, 8с, None
69, Скорбачев Иван Василиевич, 75319, 8т, 3
70, Шейников Семён Борисович, 84163, 3й, 5
71, Расуханов Роман Викторович, 99457, 9л, 3
72, Каркачев Никита Адамович, 13200, 2о, None
73, Пятовская Инна Никитична, 62494, 7у, None
74, Шумарин Владимир Алексеевич, 59447, 2ч, 3
75, Коровочкин Александр Фёдорович, 93059, 5а, None
76, Путина Валерия Кирилловна, 81471, 9ю, 4
77, Мясялимов Вадим Михаилович, 69539, 1о, 2
78, Исмиева Дарья Никитична, 99219, 5ж, None
79, Путакова Кира Василевна, 67458, 1л, None
80, Мошарев Антон Евгеньевич, 85638, 6й, 5
81, Воронцева Марина Ивановна, 97280, 1ж, None
82, Падучев Тарас Юрьевич, 21083, 7ч, 2
83, Огаркова Жанна Эдуардовна, 24367, 11о, 3
84, Добрецов Иван Валериевич, 56384, 10п, 3
85, Чиляева Евгения Богдановна, 48476, 7з, 4
86, Салаутин Александр Сергеевич, 1486, 8к, None
87, Челебаева Полина Сергеевна, 94407, 11э, 4
88, Свяховский Никита Игоревич, 21080, 10н, 2
89, Айгин Альберт Евгеньевич, 44164, 1л, 2
90, Гаморкина Клавдия Вадимовна, 14436, 5х, 2
91, Водникова Наталья Борисовна, 62948, 5х, None
92, Лужных Вероника Федоровна, 41430, 9и, None
93, Люшакова Ирина Николаевна, 25476, 9й, 3
94, Карпелина Оксана Дмитриевна, 65842, 10з, None
95, Рукинова Кристина Яковлевна, 97571, 10д, 3
96, Федяинов Вячеслав Андреевич, 98576, 10а, 5
97, Карунина Карина Петровна, 87651, 4м, 2
98, Фочкина Валентина Викторовна, 59573, 4р, 4
99, Свечева Зинаида Романовна, 177, 1т, None
100, Левгов Дмитрий Вадимович, 42389, 7и, 3
101, Айдаболова Тамара Борисовна, 92482, 11ж, 3
102, Турашпина Ольга Валерьевна, 70867, 2и, 3
103, Топольская Полина Евгеньевна, 28280, 1л, 3
104, Ивершина Елизавета Богдановна, 40038, 11я, 4
105, Цициева Виктория Василевна, 31613, 5у, None
106, Синадкина Елизавета Андреевна, 51110, 4э, 3
107, Беляхин Денис Аркадиевич, 31863, 1и, 3
108, Бакутенков Яков Николаевич, 19251, 3р, None
109, Матеркова Екатерина Леонидовна, 89499, 8ч, 3
110, Абдулов Вадим Василиевич, 65363, 10з, 2
111, Котлячков Семён Иванович, 88828, 8э, 4
112, Крянин Никита Андреевич, 81153, 8я, 3
113, Красилева Юлия Валерьевна, 84397, 9с, 4
114, Швагарев Максим Михаилович, 79919, 8н, 2
115, Врадиева София Викторовна, 32661, 5ч, 3
116, Лишкова Екатерина Олеговна, 90716, 11у, 3
117, Ожирельева Евгения Аркадьевна, 33134, 11г, 3
118, Быничкина Алла Игоревна, 51830, 1х, None
119, Бечейкина Полина Максимовна, 7832, 9н, 4
120, Зяблина Светлана Борисовна, 86843, 8т, 3
121, Бусанкина Жанна Евгеньевна, 23548, 5с, None
122, Пидрикова Раиса Петровна, 59900, 6н, 4
123, Скатькова Кристина Леонидовна, 61799, 1э, 3
124, Ратковская Галина Никитична, 16690, 8ч, 5
125, Елохина Евгения Никитична, 56614, 4э, 2
126, Надршина Алиса Федоровна, 1200, 7а, 3
127, Курнипов Григорий Романович, 54898, 7и, 2
128, Илюшников Вадим Денисович, 20374, 5в, 2
129, Мерегина Валерия Андреевна, 59295, 11э, 4
130, Стишкова Ева Николаевна, 72555, 8р, 3
131, Базарнов Дмитрий Алексиевич, 71393, 4ж, 5
132, Вяльченков Виктор Валериевич, 61969, 3з, 3
133, Лопушихин Руслан Антонович, 41658, 2ц, 3
134, Жмячкина Юлия Петровна, 26050, 10б, 2
135, Гарасева Раиса Ивановна, 92300, 6с, 2
136, Оргонова Лиза Ивановна, 85335, 11ю, 2
137, Акиваева Софья Максимовна, 46746, 7с, 3
138, Кречина Вера Федоровна, 95476, 9л, 3
139, Клеянкина Карина Игоревна, 43501, 5б, 2
140, Вавилов Николай Романович, 98025, 2л, None
141, Шлипов Вадим Павлович, 22190, 2ц, 4
142, Питирцева Валерия Романовна, 20471, 7я, None
143, Гачаркин Степан Фёдорович, 5230, 8у, None
144, Гнутов Павел Романович, 16939, 1д, 4
145, Клюнтин Григорий Георгиевич, 36133, 2р, 3
146, Живулина Виктория Яковлевна, 93688, 5ц, None
147, Лотягин Никита Леонидович, 25073, 11у, 4
148, Мишнева Алина Леонидовна, 49746, 7у, 3
149, Бадашкин Аркадий Сергеевич, 70875, 5ю, 4
150, Борисяков Валерий Кириллович, 5989, 1п, 2
151, Кубалова Вероника Эдуардовна, 3341, 2г, None
152, Долматова Алиса Богдановна, 1589, 5д, 5
153, Попугина Инна Василевна, 79774, 1м, 3
154, Серин Андрей Вадимович, 58643, 11д, 4
155, Сталин Валентин Петрович, 14079, 11х, 5
156, Доронцева Ксения Игоревна, 86871, 5л, 4
157, Гонозов Артур Кириллович, 13710, 2а, 5
158, Гаркунова Дарья Романовна, 19012, 11ч, 2
159, Бабайкина Тамара Борисовна, 93016, 3ж, 2
160, Пшениснова Клара Романовна, 97080, 5х, None
161, Шокуров Виталий Аркадиевич, 20612, 6к, 4
162, Леванов Валерий Михаилович, 32634, 8д, 5
163, Берцова Лариса Михайловна, 16027, 8у, None
164, Гибатов Руслан Адамович, 74542, 8о, 3
165, Ясюкова Елизавета Эдуардовна, 21828, 3р, 4
166, Котрушева Лариса Алексеевна, 41189, 1б, None
167, Проннчуков Никита Леонидович, 47340, 10п, 3
168, Шестанова Ева Вадимовна, 79562, 10з, 3
169, Дипова Ирина Игоревна, 93045, 11ш, 5
170, Солодягина Лариса Василевна, 14782, 1ф, 2
171, Харлахин Константин Евгеньевич, 72472, 5о, 3
172, Малешкина Любовь Федоровна, 98112, 9ф, None
173, Зырьянов Семён Данилович, 38371, 11ц, None
174, Динариев Константин Олегович, 15373, 9ф, 2
175, Будкина Ева Евгеньевна, 2535, 2н, 3
176, Милицин Георгий Алексеевич, 16706, 2к, None
177, Якушов Игорь Олегович, 89129, 11у, 4
178, Ветлужская Клавдия Олеговна, 54799, 11ф, 5
179, Юлисина Дарья Андреевна, 37669, 8р, None
180, Туболцев Тарас Андреевич, 58909, 6х, 3
181, Торховский Павел Леонидович, 93320, 4т, 5
182, Чулдина Людмила Ивановна, 10020, 1о, None
183, Фляженков Кирилл Павлович, 28693, 9ц, None
184, Унгаров Геннадий Тимофеевич, 20786, 2п, 3
185, Дудорин Георгий Леонидович, 26520, 7з, None
186, Маинскова Кристина Валерьевна, 97154, 9у, None
187, Горюцкая София Валерьевна, 10340, 4й, None
188, Мизякин Борис Олегович, 64218, 1э, None
189, Аржаных Ярослав Андреевич, 53370, 4м, None
190, Хлынов Федор Алексиевич, 95494, 6т, 2
191, Малекина Елена Андреевна, 33754, 2у, 2
192, Скубкова Инна Михайловна, 555, 6ю, 2
193, Бердиева Виктория Эдуардовна, 64093, 5ф, 3
194, Шелов Леонид Кириллович, 22652, 11б, None
195, Меряшкин Аркадий Иванович, 98272, 9р, 4
196, Дубинчева Оксана Федоровна, 92261, 6ш, 5
197, Софинина Надежда Алексеевна, 89123, 7ц, 5
198, Карандашев Никита Денисович, 89428, 4м, 5
199, Сункина Полина Сергеевна, 4422, 11ч, 2
200, Хлиманков Николай Аркадиевич, 58103, 1д, 3
201, Стехов Константин Максимович, 5203, 1л, 2
202, Мартинков Альберт Романович, 18414, 7р, 3
203, Укладников Евгений Алексиевич, 84838, 9ш, None
204, Поваров Максим Максимович, 89873, 4к, 5
205, Каликин Александр Тимофеевич, 24078, 11о, None
206, Фассева Ирина Дмитриевна, 93529, 3х, None
207, Ветерков Михаил Юрьевич, 8642, 3к, 3
208, Адионова Марина Валерьевна, 12704, 3п, None
209, Бухшеева Евгения Вадимовна, 41078, 6ю, None
210, Яготинцева Елизавета Яковлевна, 22750, 7э, None
211, Крюкаева София Эдуардовна, 48924, 7б, 5
212, Милявская Дарья Максимовна, 84942, 4б, 5
213, Анушов Тарас Денисович, 351, 1л, 2
214, Скрымова Евгения Андреевна, 54344, 1м, 3
215, Борляев Артём Георгиевич, 82691, 4г, None
216, Шамшиев Виталий Валериевич, 40826, 8э, 3
217, Дужников Ярослав Петрович, 51948, 11г, 4
218, Ашибокова Алина Валерьевна, 53561, 11ч, None
219, Клумова Алла Федоровна, 6370, 8ф, 3
220, Облиенкова Алиса Алексеевна, 83902, 5п, 5
221, Сафошин Станислав Олегович, 2773, 2ц, 3
222, Вернигоров Кирилл Вадимович, 95760, 9а, 4
223, Тащакова Ирина Кирилловна, 15693, 9л, 4
224, Тимаев Павел Леонидович, 23654, 3ш, None
225, Ильева Екатерина Дмитриевна, 90500, 6ж, 3
226, Аронзов Владислав Тимофеевич, 733, 10н, 4
227, Мочикина Раиса Василевна, 96832, 10ц, None
228, Хлебнекова Полина Яковлевна, 26358, 3г, None
229, Шелковиков Федор Андреевич, 45560, 4з, 3
230, Серский Альберт Фёдорович, 72115, 1п, 2
231, Зубайраева Юлия Петровна, 40200, 3х, 2
232, Гетина Виолетта Алексеевна, 5651, 6к, 5
233, Рычажкова Елена Борисовна, 78818, 7у, 5
234, Зелепугин Виктор Георгиевич, 60005, 3р, 2
235, Чегринцев Владимир Виталиевич, 59795, 2э, 4
236, Ципахин Валерий Максимович, 27700, 1ц, 4
237, Охоцкая Анастасия Яковлевна, 81265, 9г, 4
238, Фалецкая Валерия Олеговна, 29371, 2у, None
239, Задумкина Алина Андреевна, 31307, 3м, 3
240, Окшевский Олег Сергеевич, 84187, 10ж, None
241, Пясецкий Эдуард Антонович, 24616, 10р, 5
242, Левшицкий Виктор Петрович, 62931, 8н, 4
243, Юганкина Мария Романовна, 69000, 1а, None
244, Даньшова Наталья Игоревна, 97041, 8э, 4
245, Фурсикова Вероника Эдуардовна, 86269, 9з, 4
246, Разинькова Яна Олеговна, 97204, 9э, 3
247, Гундерин Аркадий Евгеньевич, 95173, 5з, 4
248, Гуцкина Маргарита Кирилловна, 63664, 10с, 2
249, Скавинская Алла Леонидовна, 32650, 7а, 5
250, Маслацова Мария Василевна, 20395, 2э, 2
251, Ахтиорский Денис Максимович, 18439, 3р, None
252, Тюпина Валентина Валерьевна, 26028, 10и, 5
253, Долбоносов Георгий Тимофеевич, 67205, 3п, None
254, Дилеева Кристина Ивановна, 98448, 9н, 3
255, Чернецких Анна Никитична, 91753, 9н, 2
256, Зоргина Наталия Андреевна, 22103, 6х, 2
257, Вывлокина Вера Федоровна, 86125, 6ц, 2
258, Питушкина Алёна Ивановна, 93065, 1у, 3
259, Писанова Ольга Никитична, 47414, 4т, None
260, Казутин Денис Валериевич, 73503, 3л, 3
261, Сябитов Илья Викторович, 55187, 1о, 5
262, Жойкин Семён Антонович, 91382, 6п, 2
263, Сапанков Анатолий Валериевич, 33800, 1о, 4
264, Машайская Наталия Евгеньевна, 10747, 3ф, None
265, Кашляев Илья Евгеньевич, 8420, 2г, 2
266, Финошкина Марина Василевна, 83193, 4н, 4
267, Гундяев Вадим Антонович, 34365, 11х, 4
268, Абдулоев Олег Михаилович, 4226, 5п, 2
269, Вашбеина Любовь Романовна, 21999, 8н, None
270, Капранов Валерий Василиевич, 55504, 1н, 5
271, Долбнев Руслан Борисович, 37433, 11о, None
272, Тананова Мария Вадимовна, 4816, 10з, None
273, Ахальцов Кирилл Борисович, 70509, 10с, 5
274, Машлакова Дарья Вадимовна, 36724, 11и, 4
275, Керакотова Елена Дмитриевна, 86597, 8д, 3
276, Цисин Аркадий Денисович, 12400, 2у, 4
277, Кавкина Елена Федоровна, 31748, 8ф, 3
278, Любимкина Алина Игоревна, 87789, 11в, 4
279, Кандауров Леонид Игоревич, 18935, 3з, 3
280, Мунадеева Кристина Романовна, 71364, 2г, 4
281, Комрин Владимир Борисович, 51212, 10ф, 5
282, Вишнецкая Раиса Егоровна, 44070, 11ю, 5
283, Отнюкова Анна Валерьевна, 27343, 11ж, None
284, Жандецкая Карина Андреевна, 59224, 3э, 2
285, Ляпишева Ольга Сергеевна, 52950, 6и, None
286, Тунгусова Ева Игоревна, 89357, 11с, 3
287, Старокашин Яков Вадимович, 80692, 4о, None
288, Снетова Клавдия Сергеевна, 16131, 7г, 3
289, Арзянина Инна Василевна, 61687, 5у, 2
290, Калеников Вячеслав Михаилович, 61752, 8т, None
291, Роменков Леонид Олегович, 9671, 3ф, 3
292, Свинухов Максим Павлович, 9104, 7у, 4
293, Парамошков Павел Аркадиевич, 94586, 9и, 3
294, Катырина Евгения Петровна, 35247, 5ф, 4
295, Нугманова Евгения Игоревна, 56678, 7ч, 2
296, Зумеров Валерий Петрович, 73689, 11к, 2
297, Постнешов Анатолий Алексиевич, 16809, 6н, 3
298, Моряшова Полина Кирилловна, 17914, 9л, None
299, Пресняков Юрий Игоревич, 94463, 1с, 5
300, Бузуглов Альберт Сергеевич, 72366, 7в, 3
301, Чувохина Алла Сергеевна, 75680, 1о, None
302, Вукин Александр Леонидович, 48148, 5с, 5
303, Губокова Валентина Романовна, 3817, 4б, 2
304, Зиновьев Альберт Олегович, 5901, 5э, 5
305, Богаткова Алина Николаевна, 23965, 5и, 4
306, Лягунов Аркадий Фёдорович, 71347, 2ц, 3
307, Мовин Константин Антонович, 8622, 9ю, 5
308, Муслаков Валентин Юриевич, 93685, 6р, 4
309, Ванягин Григорий Петрович, 40278, 5у, 4
310, Ратуев Леонид Алексиевич, 67056, 5а, 3
311, Вывлокина Юлия Олеговна, 73220, 6и, 2
312, Журахова Ирина Алексеевна, 59577, 9ж, 5
313, Берговина Алиса Романовна, 66350, 10р, None
314, Аржевитина Евгения Петровна, 83509, 6л, 2
315, Пряшин Альберт Алексиевич, 35540, 11ж, 2
316, Кожунов Анатолий Адамович, 89984, 6и, None
317, Бисенбаева Людмила Романовна, 8888, 2р, None
318, Сатдаров Игорь Юрьевич, 27526, 4и, 2
319, Опойков Денис Фёдорович, 78753, 2й, 3
320, Ругалев Олег Иванович, 94184, 5т, 2
321, Тепелиева Лиза Леонидовна, 5483, 5б, 2
322, Володьков Тарас Игоревич, 48219, 9у, 4
323, Скамьин Игорь Игоревич, 65622, 6т, 5
324, Аврасина Карина Валерьевна, 61736, 1ф, 5
325, Викоторова Виолетта Яковлевна, 50119, 6ц, 3
326, Атряшкин Степан Антонович, 32385, 2б, 2
327, Батвинкина Алла Игоревна, 75655, 6ц, 3
328, Степанкова Алёна Игоревна, 62297, 6э, 3
329, Строхатова Ева Вадимовна, 96237, 2ч, 3
330, Амшарин Николай Павлович, 82031, 5т, 5
331, Николюкина Кира Егоровна, 83884, 2т, None
332, Каширгов Руслан Кириллович, 84545, 6м, None
333, Засядкин Владимир Романович, 9224, 3м, None
334, Кольтяпин Денис Евгеньевич, 63271, 8д, 3
335, Гузюкина Лиза Леонидовна, 77290, 5с, 4
336, Вергачева Елизавета Евгеньевна, 94631, 4а, 5
337, Тебелев Игорь Юриевич, 77410, 1п, None
338, Троилина Елизавета Богдановна, 53494, 3ф, 4
339, Шубодеров Иван Николаевич, 92292, 1ю, 5
340, Трофилеева Дарья Ивановна, 17479, 9и, 3
341, Девечева Лиза Егоровна, 65819, 2в, 4
342, Мельченков Александр Борисович, 13112, 11ж, 5
343, Беларов Владимир Николаевич, 5321, 6м, 5
344, Галынкина Евгения Василевна, 31473, 4х, 3
345, Диречина Зинаида Никитична, 27235, 7з, 4
346, Ралимонова Софья Николаевна, 37293, 8г, 2
347, Саплинова Раиса Николаевна, 41888, 1г, 3
348, Маристов Анатолий Иванович, 19192, 3с, 3
349, Нескородев Владимир Денисович, 94464, 11х, 2
350, Келехсаев Кирилл Георгиевич, 10726, 2г, 4
351, Робышев Олег Яковлевич, 25356, 2л, 5
352, Алемохин Леонид Юриевич, 77268, 10о, 2
353, Журавский Ярослав Юрьевич, 44693, 5а, 4
354, Меденков Игорь Алексеевич, 12388, 1у, None
355, Угузнова Алёна Ивановна, 24615, 1ч, 4
356, Садурдинов Федор Михаилович, 41476, 9а, 2
357, Ветлина Оксана Евгеньевна, 23029, 3л, 3
358, Стрябкова Кристина Борисовна, 41617, 6н, 4
359, Романенков Андрей Николаевич, 68438, 4з, 4
360, Дибров Федор Юрьевич, 20574, 4э, None
361, Дерюшкина Лариса Евгеньевна, 35996, 8а, 5
362, Сучеленков Андрей Николаевич, 4720, 8ц, 3
363, Лутковский Олег Алексиевич, 55798, 7я, None
364, Минчалеева Виолетта Андреевна, 6559, 4я, 3
365, Травлев Альберт Валериевич, 8243, 7п, 3
366, Глуглин Максим Викторович, 21471, 3ч, None
367, Подловилин Никита Юриевич, 5350, 2ю, 2
368, Храмчихин Эдуард Алексеевич, 40555, 7ц, 5
369, Рукинов Федор Иванович, 85079, 2к, 2
370, Оковиднов Борис Аркадиевич, 26071, 1х, None
371, Пукин Алексей Николаевич, 22285, 8т, 2
372, Лощакова Ева Романовна, 19938, 10н, 5
373, Каркешкина Светлана Сергеевна, 28121, 6э, 2
374, Коревин Георгий Иванович, 20176, 1м, 2
375, Бузыканова Карина Вадимовна, 70170, 3т, 4
376, Луткина Вероника Сергеевна, 72228, 8р, 5
377, Смажевская Оксана Романовна, 59794, 10т, 4
378, Зузликова Алла Олеговна, 35019, 9я, 5
379, Заречнев Константин Алексиевич, 82904, 4л, 2
380, Сымова Анастасия Игоревна, 12077, 1ц, 4
381, Закусина Вероника Никитична, 94817, 10я, 2
382, Косорев Дмитрий Аркадиевич, 21021, 11б, 3
383, Закревский Василий Юрьевич, 76364, 2э, 5
384, Поручикова Наталия Аркадьевна, 21131, 4ч, 2
385, Куцыгина Полина Федоровна, 78423, 3ч, 5
386, Подымелова Дарья Федоровна, 10695, 10р, 5
387, Пальванова Лариса Михайловна, 29444, 7к, None
388, Саликаев Руслан Алексеевич, 82415, 7р, 3
389, Шоховцова Екатерина Федоровна, 72031, 10у, 3
390, Гусенцева Тамара Богдановна, 52624, 7у, 5
391, Лапшина Кира Олеговна, 35423, 2э, None
392, Сливаева Галина Никитична, 68868, 8х, 4
393, Ушаровская Юлия Николаевна, 89378, 6р, 2
394, Обоюднов Вадим Евгеньевич, 57849, 4в, 3
395, Блиденов Константин Фёдорович, 34131, 7я, 3
396, Вытулева Анна Яковлевна, 80900, 2н, 4
397, Бурхаев Александр Игоревич, 39087, 7ш, 2
398, Бандуркина Елизавета Вадимовна, 45572, 9х, 5
399, Маркьянов Михаил Вадимович, 71012, 6ж, 5
400, Алабушев Алексей Юрьевич, 28999, 1х, 3
401, Юманов Василий Максимович, 71255, 6п, 3
402, Гонеев Николай Адамович, 51389, 8в, None
403, Войлов Борис Юриевич, 73739, 3б, 2
404, Любанский Григорий Фёдорович, 52820, 4р, None
405, Немытых Роман Виталиевич, 47840, 1у, 3
406, Горячих Анатолий Леонидович, 30461, 4б, 3
407, Письменов Илья Яковлевич, 85296, 7в, 4
408, Виноварова Екатерина Игоревна, 5466, 1о, None
409, Светчикова Полина Игоревна, 94957, 10э, 3
410, Обушев Александр Фёдорович, 10708, 2я, None
411, Жиньцова Валентина Дмитриевна, 27152, 10я, None
412, Сапрошина София Олеговна, 30881, 5а, 5
413, Зловедова Катерина Викторовна, 13775, 6а, 2
414, Брусницин Эдуард Аркадиевич, 56898, 8о, 3
415, Папушкин Игорь Фёдорович, 33306, 1ч, 3
416, Шканова Анастасия Ивановна, 99601, 3э, 3
417, Наторова Тамара Алексеевна, 9335, 3з, 4
418, Окарокова Надежда Викторовна, 74195, 9м, 4
419, Куранова Алёна Яковлевна, 17285, 3о, 3
420, Летупов Григорий Петрович, 51397, 9ж, 5
421, Лиханова Наталия Федоровна, 19579, 7ю, None
422, Говшина Алла Сергеевна, 52715, 11п, 5
423, Рашидов Валерий Евгеньевич, 62133, 8э, None
424, Шмуликина Лиза Ивановна, 12169, 3ю, 3
425, Киницына Инна Романовна, 82549, 7й, 5
426, Михайлусов Борис Фёдорович, 36610, 8х, 3
427, Бочагина Алла Олеговна, 6967, 1б, 5
428, Руевская Екатерина Евгеньевна, 94142, 8м, 5
429, Бабылина Лиза Романовна, 60649, 7й, 3
430, Горынцев Алексей Тимофеевич, 28872, 2л, 4
431, Турецкова Вера Никитична, 89611, 4з, None
432, Капачев Игорь Яковлевич, 9264, 5о, 5
433, Бобрусева Яна Сергеевна, 33541, 8р, None
434, Гудовичева Ксения Михайловна, 64655, 6ч, 3
435, Чичиткиева Анастасия Игоревна, 5284, 4р, 3
436, Балузина Маргарита Яковлевна, 16941, 10ж, 3
437, Гусаркова Лиза Андреевна, 30947, 5в, 4
438, Гамольский Илья Кириллович, 3914, 9ц, 3
439, Голонков Георгий Алексеевич, 69387, 10ш, 5
440, Губичев Роман Леонидович, 13139, 3з, 5
441, Чивикова Наталия Романовна, 8613, 11а, 4
442, Илышев Геннадий Сергеевич, 21146, 1к, 2
443, Ярошкин Максим Кириллович, 1018, 10б, 4
444, Юдакина Ева Дмитриевна, 71788, 10а, 4
445, Корзихина Тамара Николаевна, 48795, 8х, 2
446, Шестарева Надежда Ивановна, 70930, 10ц, 3
447, Аксиньин Яков Николаевич, 77487, 7ч, 2
448, Шафанецкая Валентина Максимовна, 80189, 7ц, 2
449, Поляткова Елизавета Кирилловна, 4980, 9х, 2
450, Датилова Ева Романовна, 74792, 10д, None
451, Аллаева Ирина Игоревна, 74106, 10п, 4
452, Дехтярев Федор Василиевич, 56145, 11п, 4
453, Досекин Валерий Фёдорович, 9792, 1ю, 5
454, Саворцева Александра Василевна, 73405, 3ч, None
455, Марыскин Федор Викторович, 59557, 2ч, 2
456, Потемнов Антон Виталиевич, 1567, 6т, 3
457, Балмашов Семён Михаилович, 35755, 5у, None
458, Асавкина Ева Игоревна, 39100, 8н, None
459, Клубничкин Валентин Аркадиевич, 12221, 11г, None
460, Башлавина Галина Федоровна, 78196, 2а, 5
461, Карнизов Юрий Фёдорович, 463, 4ф, 5
462, Лисеская Оксана Викторовна, 70997, 6д, 4
463, Бордзов Константин Георгиевич, 53296, 10э, 4
464, Погонышева Кира Кирилловна, 6859, 6у, 2
465, Шлейнин Василий Фёдорович, 86598, 10ж, None
466, Горшнева Людмила Леонидовна, 23866, 11в, 3
467, Ромейкин Олег Антонович, 68000, 5и, 5
468, Мусланова Полина Кирилловна, 57136, 7я, 4
469, Зубоярова Катерина Николаевна, 1125, 4э, 2
470, Елонцева Ольга Михайловна, 52464, 6э, None
471, Шуркина Ева Яковлевна, 14176, 8м, 5
472, Ливенский Ярослав Петрович, 10525, 2з, 3
473, Айкина Тамара Олеговна, 3304, 9т, 2
474, Сажнова Анастасия Богдановна, 212, 6ж, 3
475, Шемберов Виктор Олегович, 33992, 4ч, None
476, Енгаычев Степан Евгеньевич, 47706, 10с, 3
477, Чупыгин Эдуард Евгеньевич, 68263, 10п, 3
478, Гнучева Вероника Андреевна, 68206, 1з, 4
479, Чуботина София Андреевна, 31048, 7и, 4
480, Товарнов Вячеслав Кириллович, 55441, 8р, 2
481, Месоедова Клавдия Игоревна, 8022, 11п, 5
482, Суровежкин Константин Антонович, 81751, 9я, None
483, Шлионская Лиза Никитична, 52183, 6к, 5
484, Ломцов Кирилл Денисович, 85676, 9у, 3
485, Тхагалегов Игорь Павлович, 5341, 2а, None
486, Слагаева Виолетта Сергеевна, 38664, 8ж, 5
487, Мокарцов Алексей Яковлевич, 55129, 10б, 2
488, Михуткин Григорий Андреевич, 88663, 6й, 3
489, Чихарева Виктория Никитична, 96537, 8а, 3
490, Волосных Константин Михаилович, 17459, 5ж, 2
491, Камкова Клавдия Вадимовна, 12993, 10б, 3
492, Ревина Виолетта Аркадьевна, 28482, 6б, 5
493, Понкрашкин Геннадий Антонович, 22610, 6к, 3
494, Семикин Павел Денисович, 47612, 8р, 5
495, Житов Илья Виталиевич, 18990, 5д, 3
496, Моргухова Елизавета Петровна, 16232, 4ю, 3
497, Ярошинский Анатолий Кириллович, 78797, 1я, 2
498, Котарев Кирилл Валериевич, 16441, 8а, 2
499, Подстрехин Семён Валериевич, 93320, 10т, 3
500, Колубелова Екатерина Егоровна, 23639, 11г, 4
